unit,cycle,hs,RUL,alt,Mach,TRA,T2,T24,T30,T48,T50,P15,P2,P21,P24,Ps30,P40,P50,Nf,Nc,Wf,T40,P30,P45,W21,W22,W25,W31,W32,W48,W50,SmFan,SmLPC,SmHPC,phi,HPT_eff_mod,LPT_eff_mod,LPT_flow_mod
2,1,1,74,31004,0.717066,76.815857,450.072935,536.887969,1283.68542,1605.558485,1052.890242,7.924708,5.859763,8.045388,10.133584,160.554883,163.218502,5.548803,2044.356167,8095.571176,1.712285,2494.678414,170.909426,30.331892,1316.057788,119.708097,119.716359,13.650245,8.190147,110.910055,117.494683,18.989701,8.702417,27.915843,38.393273,-0.000638,0,0
