unit,cycle,hs,RUL,alt,Mach,TRA,T2,T24,T30,T48,T50,P15,P2,P21,P24,Ps30,P40,P50,Nf,Nc,Wf,T40,P30,P45,W21,W22,W25,W31,W32,W48,W50,SmFan,SmLPC,SmHPC,phi,HPT_eff_mod,LPT_eff_mod,LPT_flow_mod
5,1,1,88,26016,0.610974,81.210358,457.687511,549.471462,1325.071299,1672.021865,1102.985188,9.202151,6.697531,9.342285,11.832392,194.161034,197.278857,6.841617,2099.055433,8229.317515,2.141551,2590.117962,206.574719,36.743662,1510.696246,141.101358,141.104299,16.176695,9.706017,131.552552,139.313649,18.061749,9.600396,26.491212,39.707165,-0.000705,0,0
