unit,cycle,hs,RUL,alt,Mach,TRA,T2,T24,T30,T48,T50,P15,P2,P21,P24,Ps30,P40,P50,Nf,Nc,Wf,T40,P30,P45,W21,W22,W25,W31,W32,W48,W50,SmFan,SmLPC,SmHPC,phi,HPT_eff_mod,LPT_eff_mod,LPT_flow_mod
2,67,0,8,29004,0.669123,71.542458,452.419549,535.562762,1270.045006,1601.29043,1063.257403,8.177431,6.151722,8.301961,10.372364,160.265083,162.879433,5.843456,2004.332707,8044.110635,1.708079,2478.942237,170.55438,30.262336,1352.044507,119.868117,119.86844,13.668209,8.200926,111.053806,117.646626,19.622444,7.865049,27.841496,38.368208,-0.011098,0,0
